result,server,time,time_since_epoch
success,vmpfc,2017-04-25 12:24:30.032150,1493123070
success,neuron,2017-04-25 12:24:30.032150,1493123070
success,praxic,2017-04-25 12:24:30.032150,1493123070
success,viscog,2017-04-25 12:24:30.032150,1493123070
success,adiposite,2017-04-25 12:24:30.032150,1493123070
success,chdd,2017-04-25 12:24:30.032150,1493123070
success,neuroimaging2,2017-04-25 12:24:30.032150,1493123070
success,parcellator,2017-04-25 12:24:30.032150,1493123070
success,panuc,2017-04-25 12:24:30.032150,1493123070
success,adrc,2017-04-25 12:24:30.032150,1493123070
success,tpp,2017-04-25 12:24:30.032150,1493123070
success,pons,2017-04-25 12:24:30.032150,1493123070
success,precuneus,2017-04-25 12:24:30.032150,1493123070
success,pole,2017-04-25 12:24:30.032150,1493123070
success,triangularis,2017-04-25 12:24:30.032150,1493123070
success,homunculus,2017-04-25 12:24:30.032150,1493123070
success,broca,2017-04-25 12:24:30.032150,1493123070
success,dentate,2017-04-25 12:24:30.032150,1493123070
success,amygdala,2017-04-25 12:24:30.032150,1493123070
fail,ovdserver,2017-04-25 12:24:30.032150,1493123070
fail,ovdmanager,2017-04-25 12:24:30.032150,1493123070
fail,evolution,2017-04-25 12:24:30.032150,1493123070
fail,sessionmanager,2017-04-25 12:24:30.032150,1493123070
fail,ulteo,2017-04-25 12:24:30.032150,1493123070
fail,ovd4-sessionmanager,2017-04-25 12:24:30.032150,1493123070
